{"count":1,"self":20.2923136,"total":20.412120899999998,"children":{"InitializeActuators":{"count":1,"self":0.0016493,"total":0.0016493,"children":null},"InitializeSensors":{"count":1,"self":0,"total":0,"children":null},"AgentSendState":{"count":728,"self":0.0027004999999999998,"total":0.014839999999999999,"children":{"CollectObservations":{"count":146,"self":0.00054619999999999994,"total":0.00054619999999999994,"children":null},"WriteActionMask":{"count":146,"self":0.00054559999999999993,"total":0.00054559999999999993,"children":null},"RequestDecision":{"count":146,"self":0.011047699999999999,"total":0.011047699999999999,"children":null}}},"DecideAction":{"count":728,"self":0.086254299999999992,"total":0.086254299999999992,"children":null},"AgentAct":{"count":728,"self":0.017063599999999998,"total":0.017063599999999998,"children":null}},"gauges":{},"metadata":{"timer_format_version":"0.1.0","start_time_seconds":"1776823948","unity_version":"6000.0.58f2","command_line_arguments":"C:\\Program Files\\Unity\\Hub\\Editor\\6000.0.58f2\\Editor\\Unity.exe -projectpath C:\\Users\\msi\\Projects\\AdaptiveCombatAI -acceptSoftwareTermsForThisRunOnly -useHub -hubIPC -cloudEnvironment production","communication_protocol_version":"1.5.0","com.unity.ml-agents_version":"4.0.2","scene_name":"TrainingArena","end_time_seconds":"1776823969"}}